constellation,num_pairs,stars,name,ra,dec,zodiac
UMi,7,"['11767', '85822', '85822', '82080', '82080', '77055', '77055', '79822', '79822', '75097', '75097', '72607', '72607', '77055']",Ursa Minor,"[2.52975, 17.536918, 17.536918, 16.766159, 16.766159, 15.734298999999998, 15.734298999999998, 16.291791, 16.291791, 15.345482999999998, 15.345482999999998, 14.845104999999998, 14.845104999999998, 15.734298999999998]","[89.26410899999999, 86.58646, 86.58646, 82.037262, 82.037262, 77.794493, 77.794493, 75.75533, 75.75533, 71.834016, 71.834016, 74.155505, 74.155505, 77.794493]",False
Dra,15,"['87585', '87833', '87833', '85670', '85670', '85829', '85829', '87585', '87585', '94376', '94376', '97433', '94376', '89908', '89937', '89908', '89908', '83895', '83895', '80331', '80331', '78527', '78527', '75458', '75458', '68756', '68756', '61281', '61281', '56211']",Draco,"[17.892134, 17.943437, 17.943437, 17.507213, 17.507213, 17.537767000000002, 17.537767000000002, 17.892134, 17.892134, 19.209225, 19.209225, 19.80285, 19.209225, 18.345955, 18.350736, 18.345955, 18.345955, 17.146448, 17.146448, 16.39986, 16.39986, 16.031532000000002, 16.031532000000002, 15.415494, 15.415494, 14.073165, 14.073165, 12.558058, 12.558058, 11.523407]","[56.872643, 51.488895, 51.488895, 52.301387, 52.301387, 55.172958, 55.172958, 56.872643, 56.872643, 67.661541, 67.661541, 70.26793, 67.661541, 71.337814, 72.732843, 71.337814, 71.337814, 65.714683, 65.714683, 61.514213, 61.514213, 58.565251, 58.565251, 58.966065, 58.966065, 64.37585, 64.37585, 69.788238, 69.788238, 69.331076]",False
Cas,5,"['9598', '8886', '8886', '6686', '6686', '4427', '4427', '3179', '3179', '746']",Cassiopeia,"[2.057268, 1.906584, 1.906584, 1.430216, 1.430216, 0.945143, 0.945143, 0.6751159999999999, 0.6751159999999999, 0.152887]","[72.42129399999999, 63.670101, 63.670101, 60.235283, 60.235283, 60.71674, 60.71674, 56.53733100000001, 56.53733100000001, 59.14978000000001]",False
Cep,12,"['110991', '112724', '112724', '106032', '106032', '105199', '105199', '102422', '102422', '101093', '105199', '107259', '107259', '109857', '109857', '109492', '109492', '110991', '109492', '107418', '112724', '116727', '116727', '106032']",Cepheus,"[22.486183, 22.82802, 22.82802, 21.477662, 21.477662, 21.30963, 21.30963, 20.754811, 20.754811, 20.493015, 21.30963, 21.725127, 21.725127, 22.250544, 22.250544, 22.180908, 22.180908, 22.486183, 22.180908, 21.75748, 22.82802, 23.65582, 23.65582, 21.477662]","[58.415198, 66.200408, 66.200408, 70.560716, 70.560716, 62.585573, 62.585573, 61.838782, 61.838782, 62.994105000000005, 62.585573, 58.780046, 58.780046, 57.043587, 57.043587, 58.201261, 58.201261, 58.415198, 58.201261, 61.12080600000001, 66.200408, 77.632276, 77.632276, 70.560716]",False
Cam,8,"['23040', '23522', '23522', '17884', '17884', '16228', '17884', '17959', '17959', '22783', '22783', '23522', '22783', '33694', '33694', '29997']",Camelopardalis,"[4.95478, 5.05697, 5.05697, 3.825357, 3.825357, 3.484482, 3.825357, 3.839302, 3.839302, 4.900836, 4.900836, 5.05697, 4.900836, 7.001081, 7.001081, 6.3141050000000005]","[53.752101, 60.44224499999999, 60.44224499999999, 65.525972, 65.525972, 59.94033, 65.525972, 71.332266, 71.332266, 66.342678, 66.342678, 60.44224499999999, 66.342678, 76.977408, 76.977408, 69.319787]",False
UMa,19,"['67301', '65378', '65378', '62956', '62956', '59774', '59774', '54061', '54061', '53910', '53910', '58001', '58001', '59774', '54061', '46733', '46733', '41704', '41704', '44127', '44127', '44471', '44471', '50801', '50372', '46853', '46853', '48319', '48319', '46733', '50801', '55203', '55219', '54539', '54539', '57399', '57399', '67301']",Ursa Major,"[13.792354, 13.398747, 13.398747, 12.900472, 12.900472, 12.257086, 12.257086, 11.062155, 11.062155, 11.030677, 11.030677, 11.897168, 11.897168, 12.257086, 11.062155, 9.525453, 9.525453, 8.504431, 8.504431, 8.986828, 8.986828, 9.060427, 9.060427, 10.372155, 10.284952, 9.547715, 9.547715, 9.849867, 9.849867, 9.525453, 10.372155, 11.303118, 11.307983, 11.161062, 11.161062, 11.767515, 11.767515, 13.792354]","[49.313265, 54.925362, 54.925362, 55.959821, 55.959821, 57.032617, 57.032617, 61.75103299999999, 61.75103299999999, 56.382427, 56.382427, 53.69476, 53.69476, 57.032617, 61.75103299999999, 63.061861, 63.061861, 60.718169, 60.718169, 48.041826, 48.041826, 47.156525, 47.156525, 41.499516, 42.914365, 51.6773, 51.6773, 59.038735, 59.038735, 63.061861, 41.499516, 31.528783, 33.094306, 44.498487, 44.498487, 47.779406, 47.779406, 49.313265]",False
Leo,18,"['57632', '54872', '54872', '54879', '54879', '55642', '55642', '55434', '54879', '51624', '54879', '49583', '49583', '49669', '49583', '47508', '49583', '50583', '50583', '53954', '53954', '54872', '50583', '50335', '50335', '48455', '48455', '46146', '46146', '46750', '46750', '47908', '47908', '48455', '47908', '49583']",Leo,"[11.817663, 11.235138, 11.235138, 11.237335, 11.237335, 11.398736, 11.398736, 11.352276, 11.237335, 10.546853, 11.237335, 10.122209, 10.122209, 10.139532, 10.122209, 9.685842999999998, 10.122209, 10.332873, 10.332873, 11.038827, 11.038827, 11.235138, 10.332873, 10.278171, 10.278171, 9.879398, 9.879398, 9.410906, 9.410906, 9.528675, 9.528675, 9.764188, 9.764188, 9.879398, 9.764188, 10.122209]","[14.57206, 20.523717, 20.523717, 15.429570000000002, 15.429570000000002, 10.529509, 10.529509, 6.0293220000000005, 15.429570000000002, 9.306586, 15.429570000000002, 16.762664, 16.762664, 11.967207, 16.762664, 9.892308, 16.762664, 19.841489000000003, 19.841489000000003, 20.179842, 20.179842, 20.523717, 19.841489000000003, 23.417311, 23.417311, 26.006951, 26.006951, 26.182324, 26.182324, 22.967971, 22.967971, 23.774255, 23.774255, 26.006951, 23.774255, 16.762664]",True
CVn,1,"['61317', '63125']",Canes Venatici,"[12.562411, 12.933807]","[41.35748, 38.31838]",False
LMi,5,"['53229', '51233', '51233', '49593', '49593', '46952', '49593', '51056', '51056', '53229']",Leo Minor,"[10.888526, 10.464727, 10.464727, 10.123821, 10.123821, 9.570384, 10.123821, 10.431895, 10.431895, 10.888526]","[34.214871, 36.707212, 36.707212, 35.244693, 35.244693, 36.397558, 35.244693, 33.79612, 33.79612, 34.214871]",False
Boo,18,"['67275', '67459', '67459', '67927', '67927', '69673', '69673', '71795', '71795', '72105', '72105', '69673', '72105', '74666', '74666', '75411', '75411', '73555', '73555', '74666', '73555', '71075', '71075', '71053', '71053', '71284', '71284', '72105', '71075', '69732', '69732', '70497', '70497', '69483', '69483', '69732']",Bootes,"[13.78771, 13.824623, 13.824623, 13.911411, 13.911411, 14.261029999999998, 14.261029999999998, 14.68582, 14.68582, 14.749784, 14.749784, 14.261029999999998, 14.749784, 15.258376, 15.258376, 15.408181, 15.408181, 15.032436, 15.032436, 15.258376, 15.032436, 14.534636, 14.534636, 14.5305, 14.5305, 14.578, 14.578, 14.749784, 14.534636, 14.273074, 14.273074, 14.419967000000002, 14.419967000000002, 14.224718, 14.224718, 14.273074]","[17.456906, 15.797904999999998, 15.797904999999998, 18.397717, 18.397717, 19.18241, 19.18241, 13.7283, 13.7283, 27.074222, 27.074222, 19.18241, 27.074222, 33.314833, 33.314833, 37.377167, 37.377167, 40.390566, 40.390566, 33.314833, 40.390566, 38.308253, 38.308253, 30.371437, 30.371437, 29.74513, 29.74513, 27.074222, 38.308253, 46.088305, 46.088305, 51.850744, 51.850744, 51.789965, 51.789965, 46.088305]",False
CrB,5,"['76127', '75695', '75695', '76267', '76267', '76952', '76952', '77512', '77512', '78159']",Corona Borealis,"[15.548829, 15.463818, 15.463818, 15.578128, 15.578128, 15.712381, 15.712381, 15.826570000000002, 15.826570000000002, 15.959794]","[31.359133, 29.105703, 29.105703, 26.714693, 26.714693, 26.295637, 26.295637, 26.068394, 26.068394, 26.87788]",False
Com,5,"['64241', '64394', '64394', '60742', '64394', '60697', '64394', '60746', '64394', '60904']",Coma Berenices,"[13.166469, 13.197904, 13.197904, 12.448966, 13.197904, 12.440017999999998, 13.197904, 12.449805, 13.197904, 12.481863]","[17.529431, 27.878183, 27.878183, 28.268423, 27.878183, 27.268237, 27.878183, 26.825699, 27.878183, 25.912852]",False
Lyr,10,"['91262', '91926', '91926', '92862', '92862', '94481', '94481', '94713', '94713', '93194', '93194', '92420', '92420', '89826', '89826', '91262', '93194', '92791', '92420', '91971']",Lyra,"[18.61564, 18.739661, 18.739661, 18.922249, 18.922249, 19.229302, 19.229302, 19.272804, 19.272804, 18.982395, 18.982395, 18.834665, 18.834665, 18.331031, 18.331031, 18.61564, 18.982395, 18.908412, 18.834665, 18.746209]","[38.783692, 39.612721, 39.612721, 43.946088, 43.946088, 39.145968, 39.145968, 38.133731, 38.133731, 32.689557, 32.689557, 33.362667, 33.362667, 36.064547, 36.064547, 38.783692, 32.689557, 36.898613, 33.362667, 37.605115000000005]",False
Cyg,16,"['94779', '97165', '97165', '100453', '100453', '102098', '102098', '104060', '102098', '99848', '99848', '95853', '95853', '94779', '100453', '102488', '102488', '104732', '104732', '103413', '103413', '102098', '103413', '105102', '105102', '104887', '100453', '98110', '98110', '96683', '96683', '95947']",Cygnus,"[19.28504, 19.749574, 19.749574, 20.370473, 20.370473, 20.690532, 20.690532, 21.082184, 20.690532, 20.257867, 20.257867, 19.495098, 19.495098, 19.28504, 20.370473, 20.770178, 20.770178, 21.215607, 21.215607, 20.952893, 20.952893, 20.690532, 20.952893, 21.290265, 21.290265, 21.246517, 20.370473, 19.938438, 19.938438, 19.656279, 19.656279, 19.512023000000003]","[53.368459, 45.13081, 45.13081, 40.256679, 40.256679, 45.280338, 45.280338, 43.927852, 45.280338, 47.714208, 47.714208, 51.729779, 51.729779, 53.368459, 40.256679, 33.970256, 33.970256, 30.226916, 30.226916, 41.167136, 41.167136, 45.280338, 41.167136, 39.394681, 39.394681, 38.045317, 40.256679, 35.083424, 35.083424, 30.153321, 30.153321, 27.959681]",False
Her,25,"['84345', '84379', '84379', '85693', '85693', '86974', '86974', '88794', '88794', '88267', '88267', '88886', '88886', '90139', '90139', '92043', '92043', '92161', '88794', '87933', '87933', '84380', '84380', '85112', '85112', '87808', '87808', '86414', '86414', '81126', '81126', '79101', '79101', '79992', '79992', '86414', '86974', '83207', '83207', '81693', '81693', '81833', '81833', '84380', '84380', '83207', '83207', '80816', '80816', '80170']",Hercules,"[17.244127, 17.250531, 17.250531, 17.512307999999997, 17.512307999999997, 17.774319000000002, 17.774319000000002, 18.125708, 18.125708, 18.025113, 18.025113, 18.14597, 18.14597, 18.394967, 18.394967, 18.761035, 18.761035, 18.783686, 18.125708, 17.962744, 17.962744, 17.250788, 17.250788, 17.394707999999998, 17.394707999999998, 17.93755, 17.93755, 17.657747, 17.657747, 16.568384, 16.568384, 16.146162, 16.146162, 16.329010999999998, 16.329010999999998, 17.657747, 17.774319000000002, 17.004827, 17.004827, 16.688113, 16.688113, 16.714933, 16.714933, 17.250788, 17.250788, 17.004827, 17.004827, 16.503667999999998, 16.503667999999998, 16.365338]","[14.390332999999998, 24.839204, 24.839204, 26.110645, 26.110645, 27.720676, 27.720676, 28.762488, 28.762488, 21.595782, 21.595782, 20.814557, 20.814557, 21.769752, 21.769752, 20.546308, 20.546308, 18.181519, 28.762488, 29.24788, 29.24788, 36.809162, 36.809162, 37.145946, 37.145946, 37.250539, 37.250539, 46.006332, 46.006332, 42.437041, 42.437041, 44.934906, 44.934906, 46.313366, 46.313366, 46.006332, 27.720676, 30.926405, 30.926405, 31.602726, 31.602726, 38.922254, 38.922254, 36.809162, 36.809162, 30.926405, 30.926405, 21.489613, 21.489613, 19.15313]",False
Vul,1,"['95771', '98543']",Vulpecula,"[19.478427, 20.018346]","[24.664905, 27.753573]",False
And,18,"['677', '3092', '3092', '2912', '2912', '5447', '5447', '3092', '3092', '3031', '3031', '3693', '3693', '4463', '5447', '7513', '7513', '9640', '5447', '4436', '4436', '3881', '3881', '5434', '5434', '7607', '2912', '1411', '1411', '116631', '116584', '116805', '116805', '116631', '116631', '113726']",Andromeda,"[0.139791, 0.655462, 0.655462, 0.61468, 0.61468, 1.162194, 1.162194, 0.655462, 0.655462, 0.642602, 0.642602, 0.788981, 0.788981, 0.953445, 1.162194, 1.613299, 1.613299, 2.064984, 1.162194, 0.945885, 0.945885, 0.830234, 0.830234, 1.158368, 1.158368, 1.633205, 0.61468, 0.294547, 0.294547, 23.63561, 23.626056, 23.673469, 23.673469, 23.63561, 23.63561, 23.032017]","[29.090432, 30.861024, 30.861024, 33.719344, 33.719344, 35.620558, 35.620558, 30.861024, 30.861024, 29.311751, 29.311751, 24.267178, 24.267178, 23.417648, 35.620558, 41.405459, 41.405459, 42.329725, 35.620558, 38.499345, 38.499345, 41.078911, 41.078911, 47.241792, 47.241792, 48.628213, 33.719344, 37.537641, 37.537641, 43.268073, 46.458152, 44.333932, 44.333932, 43.268073, 43.268073, 42.325979]",False
Peg,18,"['113963', '113881', '113881', '1067', '1067', '113963', '113963', '112440', '112440', '112748', '112748', '112158', '112158', '109410', '114520', '113963', '113963', '114144', '113963', '112447', '112447', '112029', '112029', '109427', '112029', '107315', '112447', '109176', '109176', '107348', '112440', '109176', '109176', '107354', '107354', '105502']",Pegasus,"[23.079348, 23.062901, 23.062901, 0.220598, 0.220598, 23.079348, 23.079348, 22.775521, 22.775521, 22.833385, 22.833385, 22.716704, 22.716704, 22.166457, 23.195608, 23.079348, 23.079348, 23.116739000000003, 23.079348, 22.778216, 22.778216, 22.691033, 22.691033, 22.169996, 22.691033, 21.736433, 22.778216, 22.116847, 22.116847, 21.74186, 22.775521, 22.116847, 22.116847, 21.744092, 21.744092, 21.36811]","[15.205264, 28.082789, 28.082789, 15.183596, 15.183596, 15.205264, 15.205264, 23.565654, 23.565654, 24.601579, 24.601579, 30.221245, 30.221245, 33.178224, 8.720116, 15.205264, 15.205264, 9.409492, 15.205264, 12.172888, 12.172888, 10.831364, 10.831364, 6.197865, 10.831364, 9.875011, 12.172888, 25.345112, 25.345112, 17.350017, 23.565654, 25.345112, 25.345112, 25.645036, 25.645036, 19.804508]",False
Tri,3,"['10670', '10064', '10064', '8796', '8796', '10670']",Triangulum,"[2.288573, 2.1590580000000004, 2.1590580000000004, 1.884696, 1.884696, 2.288573]","[33.847194, 34.987297, 34.987297, 29.578829, 29.578829, 33.847194]",False
Lac,10,"['109937', '109754', '109754', '111104', '111104', '111944', '111944', '111022', '111022', '110351', '110351', '111104', '111022', '110609', '110609', '110538', '110538', '111169', '111169', '111022']",Lacerta,"[22.26616, 22.231312, 22.231312, 22.508128, 22.508128, 22.675233, 22.675233, 22.492173, 22.492173, 22.350428, 22.350428, 22.508128, 22.492173, 22.408609, 22.408609, 22.392675, 22.392675, 22.521515, 22.521515, 22.492173]","[37.748737, 39.714927, 39.714927, 43.123376, 43.123376, 44.276305, 44.276305, 47.706887, 47.706887, 46.536569, 46.536569, 43.123376, 47.706887, 49.476392, 49.476392, 52.229046, 52.229046, 50.282491, 50.282491, 47.706887]",False
Per,25,"['17448', '18246', '18246', '18614', '18614', '18532', '18532', '14576', '14576', '14354', '14354', '13254', '18532', '17529', '17529', '16335', '16335', '15863', '15863', '16826', '16826', '17358', '17358', '19343', '19343', '19812', '19812', '20070', '20070', '19167', '14576', '14668', '14668', '14632', '14632', '13531', '13531', '13268', '13268', '14328', '14328', '13531', '14328', '15863', '15863', '14632', '14632', '12777', '12777', '8068']",Perseus,"[3.738648, 3.9022, 3.9022, 3.98275, 3.98275, 3.96423, 3.96423, 3.136148, 3.136148, 3.0862700000000003, 3.0862700000000003, 2.843063, 3.96423, 3.753232, 3.753232, 3.509579, 3.509579, 3.405378, 3.405378, 3.608159, 3.608159, 3.715416, 3.715416, 4.144357, 4.144357, 4.248295, 4.248295, 4.304056, 4.304056, 4.109735, 3.136148, 3.158258, 3.158258, 3.151005, 3.151005, 2.9042950000000003, 2.9042950000000003, 2.844945, 2.844945, 3.079942, 3.079942, 2.9042950000000003, 3.079942, 3.405378, 3.405378, 3.151005, 3.151005, 2.736634, 2.736634, 1.727675]","[32.288248, 31.883635, 31.883635, 35.791033, 35.791033, 40.010215, 40.010215, 40.955648, 40.955648, 38.840274, 38.840274, 38.318644, 40.010215, 42.578549, 42.578549, 47.995216, 47.995216, 49.86118, 49.86118, 48.192634000000005, 48.192634000000005, 47.787551, 47.787551, 47.712513, 47.712513, 48.409331, 48.409331, 50.295502, 50.295502, 50.351262, 40.955648, 44.857544, 44.857544, 49.613278, 49.613278, 52.762479000000006, 52.762479000000006, 55.895496, 55.895496, 53.506440000000005, 53.506440000000005, 52.762479000000006, 53.506440000000005, 49.86118, 49.86118, 49.613278, 49.613278, 49.228448, 49.228448, 50.688732]",False
Tau,20,"['25428', '21881', '21881', '20711', '20711', '17702', '21881', '26451', '26451', '21421', '21421', '20894', '20894', '20205', '20205', '20455', '20455', '20648', '20648', '20889', '20889', '20711', '20205', '21589', '21589', '21402', '20205', '19860', '20205', '18724', '18724', '16083', '16083', '16369', '16083', '15900', '15900', '16852', '15900', '18907']",Taurus,"[5.438198000000001, 4.704084, 4.704084, 4.438461, 4.438461, 3.79141, 4.704084, 5.627413, 5.627413, 4.598677, 4.598677, 4.477705, 4.477705, 4.329889, 4.329889, 4.382247, 4.382247, 4.424828, 4.424828, 4.476943, 4.476943, 4.438461, 4.329889, 4.635961, 4.635961, 4.594239, 4.329889, 4.258905, 4.329889, 4.011337999999999, 4.011337999999999, 3.45282, 3.45282, 3.514549, 3.45282, 3.413554, 3.413554, 3.614551, 3.413554, 4.052606]","[28.60745, 22.956926, 22.956926, 22.813583, 22.813583, 24.105137, 22.956926, 21.142549, 21.142549, 16.509301, 16.509301, 15.870883, 15.870883, 15.627642000000002, 15.627642000000002, 17.542514, 17.542514, 17.92791, 17.92791, 19.180431, 19.180431, 22.813583, 15.627642000000002, 12.510838, 12.510838, 10.16079, 15.627642000000002, 8.892357, 15.627642000000002, 12.490347, 12.490347, 9.73268, 9.73268, 12.936678, 9.73268, 9.02887, 9.02887, 0.4016619999999999, 9.02887, 5.989305]",True
Ari,12,"['14838', '13914', '13914', '10306', '10306', '8832', '13914', '13209', '13209', '13061', '13061', '12719', '12719', '13209', '12719', '9884', '9884', '9153', '9153', '8903', '8903', '9884', '9884', '10306']",Aries,"[3.193822, 2.986868, 2.986868, 2.213355, 2.213355, 1.89217, 2.986868, 2.833063, 2.833063, 2.79848, 2.79848, 2.724198, 2.724198, 2.833063, 2.724198, 2.119555, 2.119555, 1.965478, 1.965478, 1.910668, 1.910668, 2.119555, 2.119555, 2.213355]","[19.726677, 21.340429, 21.340429, 21.210993, 21.210993, 19.293852, 21.340429, 27.260507, 27.260507, 29.247118, 29.247118, 27.707146, 27.707146, 27.260507, 27.707146, 23.462423, 23.462423, 23.596061, 23.596061, 20.808035, 20.808035, 23.462423, 23.462423, 21.210993]",True
Gem,17,"['31681', '34088', '34088', '35550', '35550', '35350', '35350', '32362', '35550', '36962', '36962', '37740', '36962', '37826', '36962', '36046', '36046', '34693', '34693', '36366', '36366', '36850', '34693', '33018', '34693', '32246', '32246', '30883', '32246', '30343', '30343', '29655', '29655', '28734']",Gemini,"[6.628528, 7.068480999999999, 7.068480999999999, 7.335383, 7.335383, 7.30155, 7.30155, 6.754824, 7.335383, 7.598708, 7.598708, 7.740792999999999, 7.598708, 7.755277, 7.598708, 7.428779, 7.428779, 7.185658999999999, 7.185658999999999, 7.485195, 7.485195, 7.576633999999999, 7.185658999999999, 6.879816, 7.185658999999999, 6.732202, 6.732202, 6.482719, 6.732202, 6.3826730000000005, 6.3826730000000005, 6.247961, 6.247961, 6.068671]","[16.399252, 20.570297, 20.570297, 21.98232, 21.98232, 16.540383, 16.540383, 12.895591, 21.98232, 26.895741, 26.895741, 24.397993, 26.895741, 28.026199, 26.895741, 27.79808, 27.79808, 30.245163, 30.245163, 31.78455, 31.78455, 31.888276, 30.245163, 33.961254, 30.245163, 25.131124, 25.131124, 20.212133, 25.131124, 22.513586, 22.513586, 22.506799, 22.506799, 23.263341]",True
Aur,10,"['23015', '28380', '28380', '28360', '28360', '28358', '28358', '24608', '24608', '28360', '23015', '23767', '23767', '24608', '24608', '23416', '23416', '23453', '23453', '23767']",Auriga,"[4.9498940000000005, 5.995351, 5.995351, 5.992149, 5.992149, 5.992111, 5.992111, 5.27815, 5.27815, 5.992149, 4.9498940000000005, 5.10858, 5.10858, 5.27815, 5.27815, 5.032815, 5.032815, 5.041301, 5.041301, 5.10858]","[33.166090000000004, 37.212585, 37.212585, 44.947433, 44.947433, 54.284656000000005, 54.284656000000005, 45.997991, 45.997991, 44.947433, 33.166090000000004, 41.234474, 41.234474, 45.997991, 45.997991, 43.823308, 43.823308, 41.075837, 41.075837, 41.234474]",False
CMi,1,"['37279', '36188']",Canis Minor,"[7.655033, 7.452512]","[5.224993, 8.289315]",False
Cnc,6,"['43103', '42806', '42806', '40167', '40167', '40526', '40526', '42911', '42911', '42806', '42911', '44066']",Cancer,"[8.778284, 8.721430999999999, 8.721430999999999, 8.203535, 8.203535, 8.275256, 8.275256, 8.74475, 8.74475, 8.721430999999999, 8.74475, 8.974784]","[28.759898, 21.468501, 21.468501, 17.647771, 17.647771, 9.185545, 9.185545, 18.154309, 18.154309, 21.468501, 18.154309, 11.857701]",True
Lyn,6,"['45860', '45688', '45688', '44248', '44248', '41075', '41075', '36145', '36145', '33449', '33449', '30060']",Lynx,"[9.350925, 9.314069, 9.314069, 9.010685, 9.010685, 8.380588000000001, 8.380588000000001, 7.445237, 7.445237, 6.954611999999999, 6.954611999999999, 6.327052]","[34.392562, 36.802597, 36.802597, 41.782911, 41.782911, 43.188131, 43.188131, 49.211527, 49.211527, 58.422759, 58.422759, 59.010964]",False
Ori,23,"['26727', '26311', '26311', '25930', '28716', '29426', '29426', '29038', '29038', '27913', '27913', '28716', '29239', '28614', '28614', '27989', '27989', '26727', '26727', '27366', '24436', '25281', '25281', '25930', '25930', '25336', '25336', '25813', '25813', '26207', '25813', '27989', '25336', '22449', '22449', '22549', '22549', '22797', '22797', '23123', '22449', '22509', '22509', '22845', '22845', '22957']",Orion,"[5.679313, 5.603559, 5.603559, 5.533445, 6.065329, 6.198999, 6.198999, 6.126201, 6.126201, 5.906386, 5.906386, 6.065329, 6.164874, 6.039722, 6.039722, 5.919529, 5.919529, 5.679313, 5.679313, 5.795941, 5.242298, 5.407949, 5.407949, 5.533445, 5.533445, 5.418851, 5.418851, 5.51307, 5.51307, 5.5856330000000005, 5.51307, 5.919529, 5.418851, 4.830669, 4.830669, 4.853434, 4.853434, 4.904193, 4.904193, 4.975806, 4.830669, 4.843534, 4.843534, 4.914924, 4.914924, 4.939521]","[-1.942572, -1.20192, -1.20192, -0.299092, 20.138452, 14.208765, 14.208765, 14.768472, 14.768472, 20.276174, 20.276174, 20.138452, 14.85276, 9.647276, 9.647276, 7.407063000000001, 7.407063000000001, -1.942572, -1.942572, -9.669605, -8.20164, -2.397146, -2.397146, -0.299092, -0.299092, 6.349702, 6.349702, 5.948139, 5.948139, 9.934158, 5.948139, 7.407063000000001, 6.349702, 6.961276, 6.961276, 5.605104, 5.605104, 2.440672, 2.440672, 1.714016, 6.961276, 8.900176, 8.900176, 10.150833, 10.150833, 13.514466]",False
CMa,17,"['33160', '34045', '34045', '33347', '33347', '32349', '32349', '33977', '33977', '34444', '34444', '35037', '35037', '35904', '33579', '33856', '33856', '34444', '33579', '33152', '33152', '31592', '31592', '31125', '31592', '30324', '31592', '32349', '33579', '32759', '30122', '33579', '33347', '33160']",Canis Major,"[6.903167, 7.062637, 7.062637, 6.935617999999999, 6.935617999999999, 6.752481, 6.752481, 7.050408999999999, 7.050408999999999, 7.139857000000001, 7.139857000000001, 7.246849, 7.246849, 7.401584, 6.9770970000000005, 7.028652, 7.028652, 7.139857000000001, 6.9770970000000005, 6.902209, 6.902209, 6.6113990000000005, 6.6113990000000005, 6.530935, 6.6113990000000005, 6.378329, 6.6113990000000005, 6.752481, 6.9770970000000005, 6.8306830000000005, 6.338553, 6.9770970000000005, 6.935617999999999, 6.903167]","[-12.038628, -15.633285999999998, -15.633285999999998, -17.054242000000002, -17.054242000000002, -16.716116, -16.716116, -23.833291, -23.833291, -26.3932, -26.3932, -26.772667, -26.772667, -29.303104, -28.972084, -27.93483, -27.93483, -26.3932, -28.972084, -24.184211, -24.184211, -19.255879, -19.255879, -23.418422, -19.255879, -17.955918, -19.255879, -16.716116, -28.972084, -32.508478000000004, -30.063367, -28.972084, -17.054242000000002, -12.038628]",False
Lep,12,"['28910', '28103', '28103', '27288', '27288', '25985', '25985', '24305', '28910', '27654', '27654', '27072', '27072', '25606', '25606', '23685', '25985', '25606', '24305', '24845', '24305', '24327', '23685', '24305']",Lepus,"[6.10259, 5.940082, 5.940082, 5.782595, 5.782595, 5.545504, 5.545504, 5.215528, 6.10259, 5.855357, 5.855357, 5.741057, 5.741057, 5.470756, 5.470756, 5.091018, 5.545504, 5.470756, 5.215528, 5.326257, 5.215528, 5.220522, 5.091018, 5.215528]","[-14.935254, -14.1677, -14.1677, -14.82195, -14.82195, -17.822289, -17.822289, -16.205468, -14.935254, -20.879089, -20.879089, -22.448382, -22.448382, -20.759441, -20.759441, -22.371032, -17.822289, -20.759441, -16.205468, -13.176788, -16.205468, -12.941291, -22.371032, -16.205468]",False
Mon,10,"['41307', '39863', '29651', '30867', '30867', '34769', '34769', '32578', '32578', '30419', '34769', '39863', '39863', '37447', '32578', '31216', '30419', '31216', '31216', '31978']",Monoceros,"[8.427676, 8.143236, 6.247592, 6.480297, 6.480297, 7.197739, 7.197739, 6.797680000000001, 6.797680000000001, 6.396135, 7.197739, 8.143236, 8.143236, 7.687454, 6.797680000000001, 6.548396, 6.396135, 6.548396, 6.548396, 6.682961]","[-3.906424, -2.9837860000000003, -6.274776, -7.033061999999999, -7.033061999999999, -0.492764, -0.492764, 2.412159, 2.412159, 4.592865, -0.492764, -2.9837860000000003, -2.9837860000000003, -9.551131, 2.412159, 7.332965, 4.592865, 7.332965, 7.332965, 9.895754]",False
Eri,27,"['7588', '9007', '9007', '10602', '10602', '11407', '11407', '12486', '12486', '13847', '13847', '15510', '15510', '17874', '17874', '20042', '20042', '20535', '20535', '21393', '21393', '18673', '18673', '18216', '18216', '17717', '17717', '17651', '17651', '16611', '16611', '15474', '15474', '14146', '14146', '13701', '13701', '16537', '16537', '17378', '17378', '18543', '18543', '19849', '19849', '19587', '19587', '21444', '21444', '22109', '22109', '23875', '23875', '21594']",Eridanus,"[1.628556, 1.932564, 1.932564, 2.275154, 2.275154, 2.449755, 2.449755, 2.677781, 2.677781, 2.971023, 2.971023, 3.331944, 3.331944, 3.824237, 3.824237, 4.298237, 4.298237, 4.400613, 4.400613, 4.592512, 4.592512, 3.998745, 3.998745, 3.895195, 3.895195, 3.794347, 3.794347, 3.780804, 3.780804, 3.563132, 3.563132, 3.325278, 3.325278, 3.039863, 3.039863, 2.940458, 2.940458, 3.5488480000000004, 3.5488480000000004, 3.720806, 3.720806, 3.967157, 3.967157, 4.254537, 4.254537, 4.197761, 4.197761, 4.605316999999999, 4.605316999999999, 4.758375, 4.758375, 5.130829, 5.130829, 4.636340000000001]","[-57.236757, -51.608896, -51.608896, -51.512165, -51.512165, -47.70384, -47.70384, -39.855375, -39.855375, -40.304672, -40.304672, -43.069784000000006, -43.069784000000006, -36.20025, -36.20025, -33.798348, -33.798348, -34.016846, -34.016846, -30.562341, -30.562341, -24.016215, -24.016215, -24.61223, -24.61223, -23.874677, -23.874677, -23.249723, -23.249723, -21.632883, -21.632883, -21.757864, -21.757864, -23.624472, -23.624472, -8.898144, -8.898144, -9.458262, -9.458262, -9.763395, -9.763395, -13.508515, -13.508515, -7.652871, -7.652871, -6.837581, -6.837581, -3.352459, -3.352459, -3.254657, -3.254657, -5.086446, -5.086446, -14.30402]",False
Hya,17,"['42799', '42402', '42402', '42313', '42313', '43109', '43109', '43813', '43813', '42799', '43813', '45336', '45336', '47431', '47431', '46390', '46390', '49841', '49841', '51069', '51069', '52943', '52943', '53740', '53740', '54682', '54682', '56343', '56343', '57936', '57936', '64962', '64962', '68895']",Hydra,"[8.720410000000001, 8.645955, 8.645955, 8.627602, 8.627602, 8.779587, 8.779587, 8.92323, 8.92323, 8.720410000000001, 8.92323, 9.239405, 9.239405, 9.664267, 9.664267, 9.45979, 9.45979, 10.176467, 10.176467, 10.434842, 10.434842, 10.827079, 10.827079, 10.996244, 10.996244, 11.194302, 11.194302, 11.550038, 11.550038, 11.881813, 11.881813, 13.315359, 13.315359, 14.106193]","[3.3986620000000003, 3.341435, 3.341435, 5.703782, 5.703782, 6.418809, 6.418809, 5.945563, 5.945563, 3.3986620000000003, 5.945563, 2.31428, 2.31428, -1.14281, -1.14281, -8.658603, -8.658603, -12.354083, -12.354083, -16.836289999999998, -16.836289999999998, -16.193648, -16.193648, -18.298783, -18.298783, -22.825847, -22.825847, -31.857625, -31.857625, -33.908124, -33.908124, -23.171512, -23.171512, -26.682361]",False
Crt,9,"['53740', '54682', '54682', '55705', '55705', '55282', '55282', '53740', '55282', '55687', '55687', '56633', '56633', '58188', '58188', '57283', '57283', '55705']",Crater,"[10.996244, 11.194302, 11.194302, 11.414702, 11.414702, 11.322347, 11.322347, 10.996244, 11.322347, 11.410164, 11.410164, 11.611365, 11.611365, 11.933599, 11.933599, 11.746049, 11.746049, 11.414702]","[-18.298783, -22.825847, -22.825847, -17.68401, -17.68401, -14.778541, -14.778541, -18.298783, -14.778541, -10.859323, -10.859323, -9.802247, -9.802247, -17.150829, -17.150829, -18.350674, -18.350674, -17.68401]",False
Ant,1,"['51172', '51172']",Antlia,"[10.45253, 10.45253]","[-31.067779, -31.067779]",False
Vir,17,"['57380', '57757', '57757', '60129', '60129', '61941', '61941', '58948', '58948', '57380', '61941', '64238', '64238', '65474', '65474', '69427', '69427', '69701', '69701', '71957', '65474', '66249', '66249', '68520', '68520', '72220', '66249', '63090', '63090', '63608', '63090', '61941', '69701', '68520']",Virgo,"[11.764322, 11.844922, 11.844922, 12.331766, 12.331766, 12.694345, 12.694345, 12.086817, 12.086817, 11.764322, 12.694345, 13.165831, 13.165831, 13.419883, 13.419883, 14.214929, 14.214929, 14.266908, 14.266908, 14.717673, 13.419883, 13.578220000000002, 13.578220000000002, 14.027443, 14.027443, 14.770812, 13.578220000000002, 12.926725, 12.926725, 13.036278, 12.926725, 12.694345, 14.266908, 14.027443]","[6.529376, 1.764718, 1.764718, -0.6668029999999999, -0.6668029999999999, -1.449375, -1.449375, 8.732985000000001, 8.732985000000001, 6.529376, -1.449375, -5.53901, -5.53901, -11.161322, -11.161322, -10.273702, -10.273702, -6.000547, -6.000547, -5.658207, -11.161322, -0.59582, -0.59582, 1.544532, 1.544532, 1.892885, -0.59582, 3.39747, 3.39747, 10.95915, 3.39747, -1.449375, -6.000547, 1.544532]",True
Lib,6,"['73714', '72622', '72622', '74785', '74785', '76333', '76333', '72622', '76333', '76470', '76470', '76600']",Libra,"[15.067839, 14.847976999999998, 14.847976999999998, 15.283449, 15.283449, 15.592104999999998, 15.592104999999998, 14.847976999999998, 15.592104999999998, 15.617070000000002, 15.617070000000002, 15.64427]","[-25.281965, -16.041778, -16.041778, -9.382917, -9.382917, -14.789537, -14.789537, -16.041778, -14.789537, -28.135079, -28.135079, -29.777754]",True
Crv,7,"['61174', '60965', '60965', '59803', '59803', '59316', '59316', '59199', '59316', '60189', '60189', '61359', '60189', '60965']",Corvus,"[12.53451, 12.497739, 12.497739, 12.263437, 12.263437, 12.168746, 12.168746, 12.140225, 12.168746, 12.34268, 12.34268, 12.573121, 12.34268, 12.497739]","[-16.196007, -16.515432, -16.515432, -17.541929, -17.541929, -22.619766, -22.619766, -24.728875, -22.619766, -22.215901, -22.215901, -23.396759, -22.215901, -16.515432]",False
Oph,21,"['85423', '84405', '84405', '84970', '84970', '85340', '85340', '84893', '84893', '84012', '84012', '85365', '85365', '86742', '86742', '87108', '87108', '88601', '86742', '86032', '86032', '83000', '83000', '86742', '83000', '82673', '82673', '80883', '80883', '79593', '83000', '81377', '81377', '80894', '80894', '80569', '80569', '80343', '80343', '80975', '81377', '84012']",Ophiuchus,"[17.455909, 17.255836, 17.255836, 17.366827, 17.366827, 17.439504, 17.439504, 17.350101000000002, 17.350101000000002, 17.172968, 17.172968, 17.443856, 17.443856, 17.724543, 17.724543, 17.798211, 17.798211, 18.090913, 17.724543, 17.582241, 17.582241, 16.961139000000003, 16.961139000000003, 17.724543, 16.961139000000003, 16.900131, 16.900131, 16.515229, 16.515229, 16.239094, 16.961139000000003, 16.619316, 16.619316, 16.518991, 16.518991, 16.450398999999997, 16.450398999999997, 16.401718, 16.401718, 16.535611, 16.619316, 17.172968]","[-29.867033000000003, -26.602829, -26.602829, -24.999545, -24.999545, -24.175309, -24.175309, -21.112933, -21.112933, -15.72491, -15.72491, -5.086596, -5.086596, 4.567303, 4.567303, 2.707276, 2.707276, 2.500099, 4.567303, 12.560035, 12.560035, 9.375033, 9.375033, 4.567303, 9.375033, 10.165359, 10.165359, 1.983923, 1.983923, -3.694323, 9.375033, -10.56709, -10.56709, -16.612733, -16.612733, -18.456251, -18.456251, -20.037327, -20.037327, -21.46639, -10.56709, -15.72491]",False
Ser,19,"['92946', '88771', '88771', '88601', '88601', '89962', '89962', '88048', '88048', '86565', '86565', '86263', '86263', '84880', '80628', '79882', '79882', '79593', '79593', '77516', '77516', '77622', '77622', '77070', '77070', '77257', '77257', '76276', '76276', '77233', '77233', '78072', '78072', '77450', '77450', '76852', '76852', '77233']",Serpens,"[18.936995, 18.122496, 18.122496, 18.090913, 18.090913, 18.355167, 18.355167, 17.983775, 17.983775, 17.690243, 17.690243, 17.626445, 17.626445, 17.347128, 16.463385, 16.305358, 16.305358, 16.239094, 16.239094, 15.827001999999998, 15.827001999999998, 15.846935, 15.846935, 15.737798000000002, 15.737798000000002, 15.77406, 15.77406, 15.580041, 15.580041, 15.769793, 15.769793, 15.940882, 15.940882, 15.812327, 15.812327, 15.692516, 15.692516, 15.769793]","[4.203595, 9.563847, 9.563847, 2.500099, 2.500099, -2.898825, -2.898825, -9.773632, -9.773632, -12.875307, -12.875307, -15.398557, -15.398557, -12.846875, -8.371731, -4.692511, -4.692511, -3.694323, -3.694323, -3.4302080000000004, -3.4302080000000004, 4.47773, 4.47773, 6.425627, 6.425627, 7.353072999999999, 7.353072999999999, 10.538867, 10.538867, 15.421826, 15.421826, 15.661617, 15.661617, 18.141564, 18.141564, 19.670401, 19.670401, 15.421826]",False
Sco,19,"['87261', '85927', '85927', '85696', '85696', '86170', '86170', '86670', '86670', '87073', '87073', '86228', '86228', '84143', '84143', '82729', '82729', '82514', '82514', '82396', '82396', '81266', '81266', '80763', '80763', '80112', '80112', '79404', '79404', '78104', '78104', '78265', '80112', '79374', '79374', '78820', '78820', '78401']",Scorpius,"[17.830965, 17.560145000000002, 17.560145000000002, 17.512732, 17.512732, 17.609121, 17.609121, 17.708132, 17.708132, 17.793078, 17.793078, 17.621979999999997, 17.621979999999997, 17.202551999999997, 17.202551999999997, 16.909731, 16.909731, 16.864508999999998, 16.864508999999998, 16.83608, 16.83608, 16.598043, 16.598043, 16.490128, 16.490128, 16.353143, 16.353143, 16.205057, 16.205057, 15.948077, 15.948077, 15.980865, 16.353143, 16.199926, 16.199926, 16.09062, 16.09062, 16.005557]","[-37.043304, -37.103821, -37.103821, -37.295811, -37.295811, -38.635308, -38.635308, -39.029983, -39.029983, -40.126997, -40.126997, -42.997824, -42.997824, -43.239189, -43.239189, -42.361313, -42.361313, -38.04738, -38.04738, -34.293232, -34.293232, -28.216016, -28.216016, -26.432002, -26.432002, -25.592796, -25.592796, -27.926372, -27.926372, -29.214073, -29.214073, -26.114105, -25.592796, -19.460708, -19.460708, -19.805453, -19.805453, -22.62171]",True
Aql,10,"['98036', '97649', '97649', '97278', '97278', '96229', '96229', '95501', '95501', '97804', '99473', '97804', '95501', '93747', '93747', '93244', '95501', '93805', '93805', '93429']",Aquila,"[19.921887, 19.846388, 19.846388, 19.770994, 19.770994, 19.568153, 19.568153, 19.424972, 19.424972, 19.874547, 20.188413, 19.874547, 19.424972, 19.090169, 19.090169, 18.993711, 19.424972, 19.10415, 19.10415, 19.028008]","[6.406763, 8.868322000000001, 8.868322000000001, 10.613261, 10.613261, 7.378941, 7.378941, 3.114775, 3.114775, 1.005661, -0.8214610000000001, 1.005661, 3.114775, 13.863478, 13.863478, 15.068298, 3.114775, -4.882554, -4.882554, -5.739115]",False
Sgr,22,"['88635', '89931', '89931', '90185', '90185', '89642', '89642', '88635', '88635', '89341', '89341', '90496', '90496', '89931', '89931', '92041', '92041', '92855', '92855', '94141', '94141', '95168', '95168', '95176', '94141', '93085', '93085', '92855', '92855', '93864', '93864', '93506', '93506', '92041', '93864', '98412', '98412', '98032', '95241', '95347', '95347', '98412', '95347', '93506']",Sagittarius,"[18.096803, 18.3499, 18.3499, 18.402868, 18.402868, 18.293793, 18.293793, 18.096803, 18.096803, 18.229392, 18.229392, 18.466179, 18.466179, 18.3499, 18.3499, 18.76094, 18.76094, 18.92109, 18.92109, 19.162731, 19.162731, 19.361211, 19.361211, 19.362117, 19.162731, 18.962167, 18.962167, 18.92109, 18.92109, 19.11567, 19.11567, 19.043532, 19.043532, 18.76094, 19.11567, 19.995605, 19.995605, 19.921026, 19.377303, 19.398103, 19.398103, 19.995605, 19.398103, 19.043532]","[-30.424091, -29.828103, -29.828103, -34.384615999999994, -34.384615999999994, -36.761686, -36.761686, -30.424091, -30.424091, -21.058834, -21.058834, -25.4217, -25.4217, -29.828103, -29.828103, -26.990778, -26.990778, -26.296721999999995, -26.296721999999995, -21.023615, -21.023615, -17.847197, -17.847197, -15.955018, -21.023615, -21.106654, -21.106654, -26.296721999999995, -26.296721999999995, -27.670423, -27.670423, -29.880105, -29.880105, -26.990778, -27.670423, -35.276305, -35.276305, -41.868288, -44.458965, -40.61594, -40.61594, -35.276305, -40.61594, -29.880105]",True
Sge,3,"['98337', '97365', '97365', '96837', '97365', '96757']",Sagitta,"[19.979285, 19.789795, 19.789795, 19.68415, 19.789795, 19.668275]","[19.492148, 18.534286, 18.534286, 17.476041, 18.534286, 18.01389]",False
Del,10,"['101421', '101916', '101421', '101800', '101916', '101800', '101800', '101882', '101882', '102281', '102281', '102532', '102532', '101958', '101958', '101769', '101769', '101483', '101483', '101800']",Delphinus,"[20.553547, 20.652161, 20.553547, 20.630311, 20.652161, 20.630311, 20.630311, 20.645552, 20.645552, 20.724315, 20.724315, 20.77764, 20.77764, 20.660635, 20.660635, 20.625816, 20.625816, 20.565845, 20.565845, 20.630311]","[11.303263, 10.086203, 11.303263, 11.377676, 10.086203, 11.377676, 11.377676, 13.315125, 13.315125, 15.074581, 15.074581, 16.124295999999998, 16.124295999999998, 15.912072, 15.912072, 14.595087, 14.595087, 13.027255, 13.027255, 11.377676]",False
CrA,7,"['92989', '93174', '93174', '93825', '93825', '94114', '94114', '94160', '94160', '94005', '94005', '93542', '93542', '92953']",Corona Australis,"[18.944582, 18.978721, 18.978721, 19.106971, 19.106971, 19.157869, 19.157869, 19.167154, 19.167154, 19.139156, 19.139156, 19.051907, 19.051907, 18.938044]","[-37.343241, -37.107357, -37.107357, -37.063437, -37.063437, -37.904474, -37.904474, -39.340796000000005, -39.340796000000005, -40.496703, -40.496703, -42.095105, -42.095105, -42.710676]",False
Sct,4,"['92175', '91726', '91726', '90595', '90595', '91117', '91117', '92175']",Scutum,"[18.786242, 18.704563, 18.704563, 18.486626, 18.486626, 18.586785, 18.586785, 18.786242]","[-4.747866999999999, -9.052549, -9.052549, -14.565813, -14.565813, -8.244073, -8.244073, -4.747866999999999]",False
Cap,14,"['100064', '100345', '100345', '104139', '104139', '105515', '105515', '106985', '106985', '107556', '105515', '106039', '106039', '105881', '105881', '104139', '104139', '104019', '104019', '104234', '104019', '101027', '100345', '101027', '101027', '102485', '102485', '102978']",Capricornus,"[20.300904, 20.350187, 20.350187, 21.099118, 21.099118, 21.370776, 21.370776, 21.668181, 21.668181, 21.784011, 21.370776, 21.478721, 21.478721, 21.444452, 21.444452, 21.099118, 21.099118, 21.073417000000003, 21.073417000000003, 21.118797, 21.073417000000003, 20.481004, 20.350187, 20.481004, 20.481004, 20.76826, 20.76826, 20.863692]","[-12.544852, -14.781367, -14.781367, -17.232861, -17.232861, -16.834542000000003, -16.834542000000003, -16.662308, -16.662308, -16.127285999999998, -16.834542000000003, -21.80718, -21.80718, -22.411332, -22.411332, -17.232861, -17.232861, -19.854991, -19.854991, -25.005853, -19.854991, -17.813686999999998, -14.781367, -17.813686999999998, -17.813686999999998, -25.270898000000003, -25.270898000000003, -26.919133]",True
Aqr,23,"['102618', '103045', '103045', '104459', '104459', '106278', '106278', '109139', '106278', '109074', '109074', '110395', '110395', '111497', '111497', '110672', '110672', '109074', '109074', '110003', '110003', '112961', '112961', '114855', '114855', '114724', '114724', '112961', '112961', '112716', '112716', '113136', '113136', '114855', '114855', '114341', '114341', '114375', '114375', '114119', '114855', '115438', '115438', '115669', '115669', '116247']",Aquarius,"[20.794598, 20.877565, 20.877565, 21.159902, 21.159902, 21.525982, 21.525982, 22.107286, 21.525982, 22.096399, 22.096399, 22.360938, 22.360938, 22.589272, 22.589272, 22.421284, 22.421284, 22.096399, 22.096399, 22.280565, 22.280565, 22.87691, 22.87691, 23.264859, 23.264859, 23.238711, 23.238711, 22.87691, 22.87691, 22.826528, 22.826528, 22.910837, 22.910837, 23.264859, 23.264859, 23.157443, 23.157443, 23.165249, 23.165249, 23.111345, 23.264859, 23.382842, 23.382842, 23.434108, 23.434108, 23.554618]","[-9.495776, -8.983317999999999, -8.983317999999999, -11.371693, -11.371693, -5.571172, -5.571172, -13.869679, -5.571172, -0.319851, -0.319851, -1.387331, -1.387331, -0.117498, -0.117498, 1.377401, 1.377401, -0.319851, -0.319851, -7.783289999999999, -7.783289999999999, -7.579599000000001, -7.579599000000001, -9.087737, -9.087737, -6.049003, -6.049003, -7.579599000000001, -7.579599000000001, -13.592632, -13.592632, -15.82082, -15.82082, -9.087737, -9.087737, -21.17241, -21.17241, -22.457611, -22.457611, -23.743115, -9.087737, -20.10058, -20.10058, -20.642014, -20.642014, -20.914504]",True
Equ,2,"['104987', '104858', '104858', '104521']",Equuleus,"[21.263731, 21.241337, 21.241337, 21.172361]","[5.247845, 10.006981, 10.006981, 10.131579]",False
PsA,9,"['113368', '111954', '111954', '109285', '109285', '107380', '107380', '107608', '107608', '109285', '109285', '111188', '111188', '112948', '112948', '113246', '113246', '113368']",Piscis Austrinus,"[22.960838, 22.677594, 22.677594, 22.139722, 22.139722, 21.749113, 21.749113, 21.795598, 21.795598, 22.139722, 22.139722, 22.52509, 22.52509, 22.875427, 22.875427, 22.932472, 22.932472, 22.960838]","[-29.622236, -27.043617, -27.043617, -32.988468, -32.988468, -33.025781, -33.025781, -30.898304, -30.898304, -32.988468, -32.988468, -32.346073, -32.346073, -32.875504, -32.875504, -32.539628, -32.539628, -29.622236]",False
Gru,9,"['114131', '110997', '110997', '109268', '109268', '112122', '112122', '114421', '114421', '114131', '112122', '113638', '112122', '112623', '109268', '109111', '109111', '108085']",Grus,"[23.11465, 22.487825, 22.487825, 22.137209, 22.137209, 22.711115, 22.711115, 23.17264, 23.17264, 23.11465, 22.711115, 23.014677, 22.711115, 22.809239, 22.137209, 22.101914, 22.101914, 21.898808]","[-43.520358, -43.495565, -43.495565, -46.960975, -46.960975, -46.884577, -46.884577, -45.246711, -45.246711, -43.520358, -46.884577, -52.754137, -46.884577, -51.316864, -46.960975, -39.543353, -39.543353, -37.364852]",False
Phe,12,"['5348', '5165', '5165', '3245', '3245', '2072', '3245', '5348', '5165', '7083', '7083', '8837', '8837', '5165', '5165', '6867', '6867', '3245', '2072', '2081', '2081', '765', '765', '2072']",Phoenix,"[1.139742, 1.101407, 1.101407, 0.688766, 0.688766, 0.436716, 0.688766, 1.139742, 1.101407, 1.520851, 1.520851, 1.894102, 1.894102, 1.101407, 1.101407, 1.472759, 1.472759, 0.688766, 0.436716, 0.438056, 0.438056, 0.156836, 0.156836, 0.436716]","[-55.24576, -46.718414, -46.718414, -46.085007, -46.085007, -43.679829, -46.085007, -55.24576, -46.718414, -49.072702, -49.072702, -46.302669, -46.302669, -46.718414, -46.718414, -43.318234, -43.318234, -46.085007, -43.679829, -42.305981, -42.305981, -45.747426, -45.747426, -43.679829]",False
Psc,20,"['5586', '5742', '5586', '6193', '6193', '5742', '5742', '6706', '6706', '7097', '7097', '8198', '8198', '9487', '9487', '7884', '7884', '7007', '7007', '5737', '5737', '4906', '4906', '3786', '3786', '118268', '118268', '116771', '116771', '116928', '116928', '115738', '115738', '114971', '114971', '115227', '115227', '115830', '115830', '116771']",Pisces,"[1.194342, 1.229152, 1.194342, 1.324443, 1.324443, 1.229152, 1.229152, 1.437573, 1.437573, 1.524725, 1.524725, 1.756564, 1.756564, 2.034117, 2.034117, 1.6905259999999998, 1.6905259999999998, 1.503087, 1.503087, 1.228857, 1.228857, 1.049058, 1.049058, 0.811373, 0.811373, 23.988525, 23.988525, 23.665844, 23.665844, 23.700779, 23.700779, 23.448876, 23.448876, 23.286094, 23.286094, 23.339051, 23.339051, 23.466138, 23.466138, 23.665844]","[30.089638, 24.583713, 30.089638, 27.264059000000003, 27.264059000000003, 24.583713, 24.583713, 19.172346, 19.172346, 15.345823, 15.345823, 9.157736, 9.157736, 2.763759, 2.763759, 5.487613, 5.487613, 6.14382, 6.14382, 7.575353999999999, 7.575353999999999, 7.890135000000001, 7.890135000000001, 7.585078999999999, 7.585078999999999, 6.863321000000001, 6.863321000000001, 5.626291999999999, 5.626291999999999, 1.780041, 1.780041, 1.255608, 1.255608, 3.282289, 3.282289, 5.381307, 5.381307, 6.378992, 6.378992, 5.626291999999999]",True
Cet,14,"['12706', '11484', '11484', '12828', '12828', '13954', '13954', '14135', '14135', '12706', '12706', '12387', '12387', '10826', '10826', '8645', '8645', '6537', '6537', '1562', '1562', '3419', '3419', '8102', '3419', '9347', '9347', '12387']",Cetus,"[2.721678, 2.469317, 2.469317, 2.749039, 2.749039, 2.99525, 2.99525, 3.037992, 3.037992, 2.721678, 2.721678, 2.658044, 2.658044, 2.322442, 2.322442, 1.857676, 1.857676, 1.40039, 1.40039, 0.323799, 0.323799, 0.72649, 0.72649, 1.734479, 0.72649, 2.000084, 2.000084, 2.658044]","[3.235818, 8.460054, 8.460054, 10.114146, 10.114146, 8.907364999999999, 8.907364999999999, 4.089734, 4.089734, 3.235818, 3.235818, 0.328511, 0.328511, -2.977643, -2.977643, -10.335038, -10.335038, -8.183257000000001, -8.183257000000001, -8.823921, -8.823921, -17.986604999999997, -17.986604999999997, -15.93748, -17.986604999999997, -21.077831, -21.077831, 0.328511]",False
Scl,1,"['4577', '4577']",Sculptor,"[0.976766, 0.976766]","[-29.357449, -29.357449]",False
Car,14,"['39953', '38827', '38827', '41037', '41037', '45556', '45556', '50371', '50371', '51232', '51232', '51849', '51849', '53253', '53253', '54463', '53253', '52468', '52468', '51576', '51576', '52419', '52419', '50099', '50099', '45238', '45238', '30438']",Carina,"[8.158876, 7.946313000000001, 7.946313000000001, 8.375236, 8.375236, 9.284838, 9.284838, 10.28472, 10.28472, 10.464649, 10.464649, 10.59314, 10.59314, 10.891559, 10.891559, 11.143165, 10.891559, 10.725639, 10.725639, 10.533743, 10.533743, 10.715949, 10.715949, 10.228961, 10.228961, 9.220041, 9.220041, 6.399195]","[-47.336588, -52.98236, -52.98236, -59.509483, -59.509483, -59.275229, -59.275229, -61.332304, -61.332304, -58.739403, -58.739403, -57.557636, -57.557636, -58.853171, -58.853171, -58.975037, -58.853171, -60.566619, -60.566619, -61.685332, -61.685332, -64.39445, -64.39445, -70.037903, -70.037903, -69.717208, -69.717208, -52.69566]",False
Pup,12,"['30438', '31685', '31685', '35264', '35264', '36917', '36917', '37229', '37229', '37173', '37173', '38170', '38170', '38070', '38070', '37677', '37677', '36917', '38170', '39757', '39757', '39429', '39429', '39953']",Puppis,"[6.399195, 6.629353, 6.629353, 7.285711, 7.285711, 7.589694000000001, 7.589694000000001, 7.647186, 7.647186, 7.638346, 7.638346, 7.821571, 7.821571, 7.801436, 7.801436, 7.73013, 7.73013, 7.589694000000001, 7.821571, 8.125736999999999, 8.125736999999999, 8.059737, 8.059737, 8.158876]","[-52.69566, -43.195934, -43.195934, -37.09747, -37.09747, -28.369323, -28.369323, -26.803836, -26.803836, -25.364804, -25.364804, -24.859786, -24.859786, -25.937169, -25.937169, -28.954826, -28.954826, -28.369323, -24.859786, -24.304324, -24.304324, -40.003148, -40.003148, -47.336588]",False
Vel,9,"['39953', '42913', '42913', '45941', '45941', '48774', '48774', '52727', '52727', '51986', '51986', '50191', '50191', '46651', '46651', '44816', '44816', '39953']",Vela,"[8.158876, 8.745059, 8.745059, 9.368562, 9.368562, 9.947708, 9.947708, 10.779488, 10.779488, 10.621717, 10.621717, 10.245607, 10.245607, 9.511674, 9.511674, 9.133268, 9.133268, 8.158876]","[-47.336588, -54.70882099999999, -54.70882099999999, -55.010668, -55.010668, -54.56779, -54.56779, -49.420255, -49.420255, -48.22562, -48.22562, -42.121942, -42.121942, -40.466769, -40.466769, -43.432589, -43.432589, -47.336588]",False
Pyx,3,"['39429', '42515', '42515', '42828', '42828', '43409']",Pyxis,"[8.059737, 8.668372999999999, 8.668372999999999, 8.726539, 8.726539, 8.842203999999999]","[-40.003148, -35.308352, -35.308352, -33.186384999999994, -33.186384999999994, -27.709844]",False
Vol,8,"['37504', '34481', '34481', '39794', '39794', '37504', '39794', '35228', '39794', '41312', '41312', '44382', '44382', '39794', '40817', '39794']",Volans,"[7.697004, 7.1457880000000005, 7.1457880000000005, 8.132173, 8.132173, 7.697004, 8.132173, 7.280508, 8.132173, 8.428951, 8.428951, 9.040777, 9.040777, 8.132173, 8.330274000000001, 8.132173]","[-72.606098, -70.498932, -70.498932, -68.617062, -68.617062, -72.606098, -68.617062, -67.95715200000001, -68.617062, -66.13689000000001, -66.13689000000001, -66.39607600000001, -66.39607600000001, -68.617062, -71.51490600000001, -68.617062]",False
Dor,7,"['27100', '27890', '27890', '26069', '26069', '27100', '26069', '21281', '21281', '19893', '26069', '23693', '23693', '21281']",Dorado,"[5.7462230000000005, 5.901658, 5.901658, 5.560421, 5.560421, 5.7462230000000005, 5.560421, 4.566598, 4.566598, 4.267097, 5.560421, 5.091853, 5.091853, 4.566598]","[-65.73552600000001, -63.089627, -63.089627, -62.489825, -62.489825, -65.73552600000001, -62.489825, -55.044975, -55.044975, -51.486648, -62.489825, -57.472704, -57.472704, -55.044975]",False
Col,8,"['28328', '28199', '28199', '30277', '30277', '29807', '29807', '28199', '28199', '27628', '27628', '28328', '27628', '26634', '26634', '25859']",Columba,"[5.985778, 5.958947, 5.958947, 6.368564, 6.368564, 6.275871, 6.275871, 5.958947, 5.958947, 5.849329, 5.849329, 5.985778, 5.849329, 5.660817, 5.660817, 5.520209]","[-42.815135, -35.28328, -35.28328, -33.4364, -33.4364, -35.140519, -35.140519, -35.28328, -35.28328, -35.768309, -35.768309, -42.815135, -35.768309, -34.074108, -34.074108, -35.470519]",False
Hyi,5,"['2021', '17678', '17678', '12394', '12394', '11001', '11001', '8928', '8928', '9236']",Hydrus,"[0.4279159999999999, 3.787295, 3.787295, 2.659799, 2.659799, 2.362498, 2.362498, 1.915572, 1.915572, 1.979451]","[-77.25424699999999, -74.238962, -74.238962, -68.26694599999999, -68.26694599999999, -68.659418, -68.659418, -67.64730300000001, -67.64730300000001, -61.569859]",False
Pic,3,"['32607', '27530', '27530', '27321', '32607', '27321']",Pictor,"[6.803194, 5.830451, 5.830451, 5.788079, 6.803194, 5.788079]","[-61.941391, -56.166663, -56.166663, -51.066514, -61.941391, -51.066514]",False
Ret,4,"['19780', '19921', '19921', '18597', '18597', '17440', '17440', '19780']",Reticulum,"[4.240404, 4.274738, 4.274738, 3.979095, 3.979095, 3.736593, 3.736593, 4.240404]","[-62.47385799999999, -59.302156, -59.302156, -61.400185, -61.400185, -64.806903, -64.806903, -62.47385799999999]",False
Hor,1,"['19747', '19747']",Horologium,"[4.233363, 4.233363]","[-42.294368, -42.294368]",False
For,1,"['14879', '14879']",Fornax,"[3.201249, 3.201249]","[-28.987618, -28.987618]",False
Cen,31,"['72010', '71865', '71865', '73334', '73334', '71352', '71352', '68245', '68245', '68862', '68862', '70300', '70300', '70090', '70090', '68933', '68933', '67464', '67464', '68245', '67153', '67457', '67153', '67669', '67153', '67786', '67153', '65109', '65109', '65936', '65936', '67464', '67464', '67472', '67472', '68002', '68002', '68523', '68523', '68282', '68282', '68245', '68002', '66657', '66657', '71683', '66657', '68702', '66657', '61932', '61932', '68002', '61932', '60823', '60823', '59449', '59449', '56561', '60823', '59196', '59196', '55425']",Centaurus,"[14.727624, 14.699332, 14.699332, 14.986025, 14.986025, 14.591786, 14.591786, 13.971186, 13.971186, 14.10077, 14.10077, 14.383956, 14.383956, 14.342623, 14.342623, 14.111395000000002, 14.111395000000002, 13.825078, 13.825078, 13.971186, 13.761470999999998, 13.824091, 13.761470999999998, 13.863779, 13.761470999999998, 13.886817, 13.761470999999998, 13.343296, 13.343296, 13.517404999999998, 13.517404999999998, 13.825078, 13.825078, 13.826943, 13.826943, 13.925667, 13.925667, 14.028748, 14.028748, 13.977987, 13.977987, 13.971186, 13.925667, 13.664796, 13.664796, 14.660765, 13.664796, 14.063729, 13.664796, 12.691971, 12.691971, 13.925667, 12.691971, 12.467331, 12.467331, 12.194202, 12.194202, 11.596363, 12.467331, 12.13931, 12.13931, 11.350117]","[-35.173655, -37.793498, -37.793498, -42.104194, -42.104194, -42.157824, -42.157824, -42.100753000000005, -42.100753000000005, -41.179633, -41.179633, -39.511819, -39.511819, -37.885295, -37.885295, -36.369954, -36.369954, -41.687709000000005, -41.687709000000005, -42.100753000000005, -33.043721000000005, -34.450776, -33.043721000000005, -32.994089, -33.043721000000005, -31.927612, -33.043721000000005, -36.712295000000005, -36.712295000000005, -39.407307, -39.407307, -41.687709000000005, -41.687709000000005, -42.473732, -42.473732, -47.288375, -47.288375, -45.603421, -45.603421, -44.803584, -44.803584, -42.100753000000005, -47.288375, -53.466394, -53.466394, -60.833976, -53.466394, -60.373039, -53.466394, -48.959888, -48.959888, -47.288375, -48.959888, -50.230635, -50.230635, -52.36846, -52.36846, -63.01984100000001, -50.230635, -50.722425, -50.722425, -54.491019]",False
Cru,2,"['61084', '60718', '62434', '59747']",Crux,"[12.519429, 12.443311, 12.795359, 12.252427]","[-57.113212, -63.099092000000006, -59.688764, -58.748928]",False
Pav,13,"['100751', '105858', '105858', '102395', '102395', '99240', '99240', '100751', '99240', '98495', '98495', '91792', '91792', '93015', '93015', '99240', '93015', '92609', '92609', '90098', '90098', '88866', '88866', '92609', '88866', '86929']",Pavo,"[20.427459, 21.440705, 21.440705, 20.749314, 20.749314, 20.145157, 20.145157, 20.427459, 20.145157, 20.009845, 20.009845, 18.71726, 18.71726, 18.949177, 18.949177, 20.145157, 18.949177, 18.870288, 18.870288, 18.387117, 18.387117, 18.143, 18.143, 18.870288, 18.143, 17.762221]","[-56.73509, -65.366198, -65.366198, -66.203212, -66.203212, -66.182068, -66.182068, -56.73509, -66.182068, -72.910504, -72.910504, -71.428113, -71.428113, -67.23349499999999, -67.23349499999999, -66.182068, -67.23349499999999, -62.18759300000001, -62.18759300000001, -61.493901, -61.493901, -63.668553, -63.668553, -62.18759300000001, -63.668553, -64.723871]",False
TrA,4,"['82273', '74946', '74946', '76440', '76440', '77952', '77952', '82273']",Triangulum Australe,"[16.811076999999997, 15.315181, 15.315181, 15.612, 15.612, 15.919083, 15.919083, 16.811076999999997]","[-69.027715, -68.67954499999999, -68.67954499999999, -66.317037, -66.317037, -63.430727000000005, -63.430727000000005, -69.027715]",False
Lup,24,"['78918', '77634', '77634', '76705', '76705', '75177', '75177', '78384', '75177', '75304', '75304', '75501', '75501', '76297', '76297', '76552', '76552', '76829', '75501', '75141', '75141', '74117', '74117', '74911', '74911', '75264', '74117', '73807', '73807', '74376', '74376', '74395', '73807', '71536', '71536', '71121', '71536', '71860', '71860', '69996', '71860', '70576', '71860', '72683', '72683', '73273', '73273', '75177']",Lupus,"[16.109873999999998, 15.849316, 15.849316, 15.662772, 15.662772, 15.36344, 15.36344, 16.002036, 15.36344, 15.385931, 15.385931, 15.422285, 15.422285, 15.585681, 15.585681, 15.634232, 15.634232, 15.686505, 15.422285, 15.356201, 15.356201, 15.147394, 15.147394, 15.308897, 15.308897, 15.378021, 15.147394, 15.085303, 15.085303, 15.198918, 15.198918, 15.20476, 15.085303, 14.631454000000002, 14.631454000000002, 14.543629, 14.631454000000002, 14.698823, 14.698823, 14.323396, 14.698823, 14.436336, 14.698823, 14.860641, 14.860641, 14.975537, 14.975537, 15.36344]","[-36.802288, -33.627165000000005, -33.627165000000005, -34.411926, -34.411926, -36.261376, -36.261376, -38.396706, -36.261376, -36.858489, -36.858489, -38.73362, -38.73362, -41.166757, -41.166757, -42.567348, -42.567348, -44.661205, -38.73362, -40.647518, -40.647518, -45.279857, -45.279857, -47.875272, -47.875272, -44.689622, -45.279857, -47.051245, -47.051245, -48.737819, -48.737819, -52.099247, -47.051245, -49.425828, -49.425828, -50.457157, -49.425828, -47.3882, -47.3882, -46.058093, -47.3882, -45.379276, -47.3882, -43.575359000000006, -43.575359000000006, -43.13396, -43.13396, -36.261376]",False
Mus,6,"['62322', '61585', '61585', '63613', '63613', '61199', '61199', '61585', '61585', '59929', '59929', '57363']",Fly,"[12.771346, 12.619739, 12.619739, 13.037759, 13.037759, 12.541134, 12.541134, 12.619739, 12.619739, 12.292917, 12.292917, 11.760141]","[-68.10811899999999, -69.135564, -69.135564, -71.548855, -71.548855, -72.132988, -72.132988, -69.135564, -69.135564, -67.960736, -67.960736, -66.728763]",False
Oct,3,"['107089', '112405', '112405', '70638', '70638', '107089']",Octans,"[21.691253, 22.767692, 22.767692, 14.448801, 14.448801, 21.691253]","[-77.390046, -81.381615, -81.381615, -83.667884, -83.667884, -77.390046]",False
Cir,2,"['71908', '75323', '71908', '74824']",Circinus,"[14.708492, 15.389625, 14.708492, 15.291917000000002]","[-64.975138, -59.320787, -64.975138, -58.801208]",False
Nor,4,"['80000', '80582', '80582', '78914', '78914', '78639', '78639', '80000']",Norma,"[16.330687, 16.453067, 16.453067, 16.108176, 16.108176, 16.053579, 16.053579, 16.330687]","[-50.155508000000005, -47.554786, -47.554786, -45.173185, -45.173185, -49.229695, -49.229695, -50.155508000000005]",False
Aps,4,"['80047', '81065', '81065', '81852', '81852', '80047', '80047', '72370']",Apus,"[16.339119, 16.557609, 16.557609, 16.718126, 16.718126, 16.339119, 16.339119, 14.797701000000002]","[-78.695745, -78.897148, -78.897148, -77.51743499999999, -77.51743499999999, -78.695745, -78.695745, -79.044751]",False
Cha,5,"['40702', '51839', '51839', '52595', '52595', '60000', '60000', '58484', '58484', '51839']",Chamaeleon,"[8.308703, 10.591166, 10.591166, 10.754546, 10.754546, 12.305812, 12.305812, 11.993796, 11.993796, 10.591166]","[-76.919722, -78.607786, -78.607786, -80.469597, -80.469597, -79.31224, -79.31224, -78.221839, -78.221839, -78.607786]",False
Tuc,5,"['110130', '114996', '114996', '118322', '118322', '1599', '1599', '2484', '2484', '114996']",Tucana,"[22.308371, 23.290498, 23.290498, 23.998594, 23.998594, 0.334142, 0.334142, 0.525725, 0.525725, 23.290498]","[-60.259587, -58.235734, -58.235734, -65.57713199999999, -65.57713199999999, -64.874791, -64.874791, -62.958218, -62.958218, -58.235734]",False
Ind,5,"['101772', '102333', '102333', '103227', '103227', '108870', '108870', '108431', '108431', '103227']",Indus,"[20.626116, 20.733966, 20.733966, 20.913498, 20.913498, 22.055486, 22.055486, 21.965293, 21.965293, 20.913498]","[-47.291502, -51.920971, -51.920971, -58.45415500000001, -58.45415500000001, -56.785977, -56.785977, -54.992575, -54.992575, -58.45415500000001]",False
Tel,1,"['90568', '90422']",Telescopium,"[18.480505, 18.449561]","[-49.070588, -45.968459]",False
Ara,6,"['88714', '85792', '85792', '83153', '83153', '83081', '83081', '82363', '82363', '85727', '85727', '88714']",Ara,"[18.11052, 17.530695, 17.530695, 16.993069000000002, 16.993069000000002, 16.977006, 16.977006, 16.82976, 16.82976, 17.518318, 17.518318, 18.11052]","[-50.091477000000005, -49.876145, -49.876145, -53.160438, -53.160438, -55.990141, -55.990141, -59.041378, -59.041378, -60.683848, -60.683848, -50.091477000000005]",False
Mic,1,"['102831', '102831']",Microscopium,"[20.8328, 20.8328]","[-33.779722, -33.779722]",False
Cae,1,"['21770', '21770']",Caelum,"[4.676039, 4.676039]","[-41.863752000000005, -41.863752000000005]",False
Men,1,"['29271', '29271']",Mensa,"[6.170632, 6.170632]","[-74.753045, -74.753045]",False
Sex,1,"['49641', '49641']",Sextans,"[10.1323, 10.1323]","[-0.371637, -0.371637]",False
